{
    "base_link": {
        "transform": [
            [
                1.0,
                0.0,
                0.0,
                0.0
            ],
            [
                0.0,
                1.0,
                0.0,
                0.0
            ],
            [
                0.0,
                0.0,
                1.0,
                0.0
            ],
            [
                0.0,
                0.0,
                0.0,
                1.0
            ]
        ],
        "scale": [
            1.0,
            1.0,
            1.0
        ],
        "path": "/home/arjun/WholeHandManipulation/data//manipulators/AllegroHand/URDFmeshes/base_link.ply"
    },
    "link_0": {
        "transform": [
            [
                1.0,
                0.0,
                0.0,
                0.0
            ],
            [
                0.0,
                0.9961943897807637,
                0.08715926668652036,
                0.0435
            ],
            [
                0.0,
                -0.08715926668652036,
                0.9961943897807637,
                -0.00154
            ],
            [
                0.0,
                0.0,
                0.0,
                1.0
            ]
        ],
        "scale": [
            1.0,
            1.0,
            1.0
        ],
        "path": "/home/arjun/WholeHandManipulation/data//manipulators/AllegroHand/URDFmeshes/link_0.ply"
    },
    "link_1": {
        "transform": [
            [
                1.0,
                0.0,
                0.0,
                0.0
            ],
            [
                0.0,
                0.9961943897807637,
                0.08715926668652036,
                0.044929411973658937
            ],
            [
                0.0,
                -0.08715926668652036,
                0.9961943897807637,
                0.014797587992404528
            ],
            [
                0.0,
                0.0,
                0.0,
                1.0
            ]
        ],
        "scale": [
            1.0,
            1.0,
            1.0
        ],
        "path": "/home/arjun/WholeHandManipulation/data//manipulators/AllegroHand/URDFmeshes/link_1.ply"
    },
    "link_10": {
        "transform": [
            [
                1.0,
                0.0,
                0.0,
                0.0
            ],
            [
                0.0,
                0.9961943897807637,
                -0.08715926668652036,
                -0.04963601237473103
            ],
            [
                0.0,
                0.08715926668652036,
                0.9961943897807637,
                0.06859208504056577
            ],
            [
                0.0,
                0.0,
                0.0,
                1.0
            ]
        ],
        "scale": [
            1.0,
            1.0,
            1.0
        ],
        "path": "/home/arjun/WholeHandManipulation/data//manipulators/AllegroHand/URDFmeshes/link_2.ply"
    },
    "link_11": {
        "transform": [
            [
                1.0,
                0.0,
                0.0,
                0.0
            ],
            [
                0.0,
                0.9961943897807637,
                -0.08715926668652036,
                -0.05298292821549341
            ],
            [
                0.0,
                0.08715926668652036,
                0.9961943897807637,
                0.10684594960814709
            ],
            [
                0.0,
                0.0,
                0.0,
                1.0
            ]
        ],
        "scale": [
            1.0,
            1.0,
            1.0
        ],
        "path": "/home/arjun/WholeHandManipulation/data//manipulators/AllegroHand/URDFmeshes/link_3.ply"
    },
    "link_11_tip": {
        "transform": [
            [
                1.0,
                0.0,
                0.0,
                0.0
            ],
            [
                0.0,
                0.9961943897807637,
                -0.08715926668652036,
                -0.05531008063602351
            ],
            [
                0.0,
                0.08715926668652036,
                0.9961943897807637,
                0.13344433981529348
            ],
            [
                0.0,
                0.0,
                0.0,
                1.0
            ]
        ],
        "scale": [
            1.0,
            1.0,
            1.0
        ],
        "path": "/home/arjun/WholeHandManipulation/data//manipulators/AllegroHand/URDFmeshes/link_3_tip.ply"
    },
    "link_12": {
        "transform": [
            [
                -0.06419403258923162,
                0.9664529722627236,
                0.24869213615327646,
                -0.0182
            ],
            [
                0.0978109543683573,
                -0.24191289116341864,
                0.965355463181572,
                0.01933
            ],
            [
                0.9931324903483341,
                0.08629487524472814,
                -0.07900032355005293,
                -0.04599
            ],
            [
                0.0,
                0.0,
                0.0,
                1.0
            ]
        ],
        "scale": [
            1.0,
            1.0,
            1.0
        ],
        "path": "/home/arjun/WholeHandManipulation/data//manipulators/AllegroHand/URDFmeshes/link_12_right.ply"
    },
    "link_13": {
        "transform": [
            [
                -0.06419403258923162,
                0.9664529722627236,
                0.24869213615327646,
                -0.0017116800262613995
            ],
            [
                0.0978109543683573,
                -0.24191289116341864,
                0.965355463181572,
                0.05399722275718198
            ],
            [
                0.9931324903483341,
                0.08629487524472814,
                -0.07900032355005293,
                -0.0755252157728285
            ],
            [
                0.0,
                0.0,
                0.0,
                1.0
            ]
        ],
        "scale": [
            1.0,
            1.0,
            1.0
        ],
        "path": "/home/arjun/WholeHandManipulation/data//manipulators/AllegroHand/URDFmeshes/link_13.ply"
    },
    "link_14": {
        "transform": [
            [
                -0.06419403258923162,
                0.9664529722627236,
                0.24869213615327646,
                0.0026901707836515938
            ],
            [
                0.0978109543683573,
                -0.24191289116341864,
                0.965355463181572,
                0.07108401445549581
            ],
            [
                0.9931324903483341,
                0.08629487524472814,
                -0.07900032355005293,
                -0.07692352149966445
            ],
            [
                0.0,
                0.0,
                0.0,
                1.0
            ]
        ],
        "scale": [
            1.0,
            1.0,
            1.0
        ],
        "path": "/home/arjun/WholeHandManipulation/data//manipulators/AllegroHand/URDFmeshes/link_14.ply"
    },
    "link_15": {
        "transform": [
            [
                -0.06419403258923162,
                0.9664529722627236,
                0.24869213615327646,
                0.015472946581930004
            ],
            [
                0.0978109543683573,
                -0.24191289116341864,
                0.965355463181572,
                0.1207032852630286
            ],
            [
                0.9931324903483341,
                0.08629487524472814,
                -0.07900032355005293,
                -0.08098413813013716
            ],
            [
                0.0,
                0.0,
                0.0,
                1.0
            ]
        ],
        "scale": [
            1.0,
            1.0,
            1.0
        ],